{"cameraMode":{"drawMode":0,"name":"Shaded","section":"Shading Mode"},"sceneLighting":false,"audioPlay":false,"sceneViewState":{"showFog":true,"showMaterialUpdate":false,"showSkybox":true,"showFlares":true,"showImageEffects":true,"showParticleSystems":true},"in2DMode":false,"pivot":{"x":603.0918579101563,"y":216.8732147216797,"z":-40.84418869018555},"rotation":{"x":4.627247029986847e-9,"y":0.023997776210308076,"z":-1.7013890296624368e-9,"w":0.9997122287750244},"size":414.4190673828125,"orthographic":true}